ip,country,state,city,zip,count
15.204.163.112,United States,Virginia,Reston,20190,3216
199.168.75.24,United States,Indiana,Fishers,46037,50
158.101.123.214,United States,Virginia,Ashburn,20147,48
66.194.38.45,United States,Florida,Palm Bay,32905,1
54.81.255.30,United States,Virginia,Ashburn,20149,810
34.73.29.108,United States,South Carolina,North Charleston,,11
18.232.118.18,United States,Virginia,Ashburn,20149,18
52.205.206.62,United States,Virginia,Ashburn,20149,10
100.19.101.218,United States,Pennsylvania,Avondale,19311,27
35.175.179.123,United States,Virginia,Ashburn,20149,33
3.231.78.73,United States,Virginia,Ashburn,20149,10
47.187.23.5,United States,Texas,Grapevine,76051,1
98.118.156.165,United States,New York,Buffalo,14221,3
54.172.2.26,United States,Virginia,Ashburn,20149,434
204.111.163.114,United States,Virginia,Roanoke,24019,42
3.128.212.89,United States,Ohio,Dublin,43017,1
35.185.123.223,United States,South Carolina,North Charleston,,35
40.71.41.208,United States,Virginia,Boydton,23917,5
3.87.177.152,United States,Virginia,Ashburn,20149,8
143.198.127.146,United States,New Jersey,North Bergen,07047,5
18.188.224.185,United States,Ohio,Dublin,43017,2
107.180.79.29,United States,Virginia,Ashburn,20149,10
100.15.129.252,United States,Maryland,Greenbelt,20770,2
209.94.59.180,United States,New Jersey,Secaucus,07094,86
3.238.195.221,United States,Virginia,Ashburn,20149,136
45.79.141.179,United States,New Jersey,Cedar Knolls,07927,6
45.74.63.66,United States,California,Los Angeles,90060,1
3.222.208.128,United States,Virginia,Ashburn,20149,17
34.207.108.183,United States,Virginia,Ashburn,20149,17
35.173.47.113,United States,Virginia,Ashburn,20149,6
3.131.38.210,United States,Ohio,Dublin,43017,1
52.54.44.109,United States,Virginia,Ashburn,20149,35
72.66.9.217,United States,Virginia,Fairfax,22032,1
217.180.192.116,United States,Florida,Tallahassee,32303,28
38.146.200.61,United States,Virginia,Ashburn,20149,11
70.108.32.85,United States,Maryland,Laurel,20707,1
64.252.55.252,United States,Tennessee,Knoxville,37932,28
18.232.76.247,United States,Virginia,Ashburn,20149,7
147.182.210.218,United States,New Jersey,North Bergen,07047,9
34.237.15.134,United States,Virginia,Ashburn,20149,17
86.106.143.90,United States,Massachusetts,Duxbury,02020,1
54.84.236.0,United States,Virginia,Ashburn,20149,39
3.133.130.225,United States,Ohio,Dublin,43017,4
18.232.102.7,United States,Virginia,Ashburn,20149,31
63.155.23.118,United States,Oregon,Eugene,97402,1
67.171.200.19,United States,Oregon,Portland,97202,1
24.6.171.42,United States,California,San Jose,95129,1
34.148.35.18,United States,South Carolina,North Charleston,,1
3.81.243.143,United States,Virginia,Ashburn,20149,326
3.145.202.58,United States,Ohio,Dublin,43017,3
54.80.111.110,United States,Virginia,Ashburn,20149,18
18.189.145.56,United States,Ohio,Dublin,43017,14
66.208.64.128,United States,Wisconsin,Nekoosa,54457,1
94.154.159.99,United States,New York,New York,10013,18
159.223.102.244,United States,New Jersey,North Bergen,07047,64
159.246.25.52,United States,Indiana,South Bend,46626,53
97.75.145.12,United States,North Carolina,High Point,27263,1
173.66.253.37,United States,Virginia,Fairfax,22030,14
75.84.35.29,United States,California,Los Angeles,90034,1
51.81.109.67,United States,Virginia,Warrenton,20186,78
34.239.226.32,United States,Virginia,Ashburn,20149,103
18.216.249.151,United States,Ohio,Dublin,43017,1
66.42.110.31,United States,California,Los Angeles,90012,5
12.34.98.148,United States,District of Columbia,Washington,20007,22
150.220.103.131,United States,Texas,Pflugerville,78660,16
69.23.138.139,United States,Texas,El Paso,79912,1
54.146.65.218,United States,Virginia,Ashburn,20149,18
34.234.234.147,United States,Virginia,Ashburn,20149,8
172.10.44.238,United States,Texas,Leander,78641,2
3.91.173.166,United States,Virginia,Ashburn,20149,2
74.98.249.151,United States,Pennsylvania,Pittsburgh,15237,3
98.127.210.42,United States,Colorado,Grand Junction,81504,2
173.241.227.243,United States,Ohio,Cleveland,44104,2
66.42.108.221,United States,California,Los Angeles,90012,1
3.144.89.154,United States,Ohio,Dublin,43017,30
52.0.32.203,United States,Virginia,Ashburn,20149,126
204.48.21.81,United States,New Jersey,North Bergen,07047,13
54.205.63.151,United States,Virginia,Ashburn,20149,249
184.73.69.201,United States,Virginia,Ashburn,20149,99
3.91.72.217,United States,Virginia,Ashburn,20149,145
206.189.217.21,United States,California,Santa Clara,95051,2
54.91.163.0,United States,Virginia,Ashburn,20149,32
76.199.97.58,United States,Louisiana,Slidell,70458,13
165.227.7.29,United States,California,Santa Clara,95051,3
63.228.117.99,United States,Washington,Seattle,98118,1
35.212.2.81,United States,"Washington, D.C.",Washington,,17
159.223.167.84,United States,New Jersey,North Bergen,07047,2
76.128.134.29,United States,Florida,Wellington,33414,1
44.193.11.78,United States,Virginia,Ashburn,20149,1
136.55.13.9,United States,Georgia,Atlanta,30306,1
70.95.113.118,United States,California,San Diego,92124,1
3.227.252.243,United States,Virginia,Ashburn,20149,3
3.95.56.191,United States,Virginia,Ashburn,20149,30
66.29.147.210,United States,Arizona,Phoenix,85001,1
54.243.100.79,United States,Virginia,Ashburn,20149,65
54.159.193.149,United States,Virginia,Ashburn,20149,3
34.232.210.124,United States,Virginia,Ashburn,20149,219
18.191.89.177,United States,Ohio,Dublin,43017,4
47.252.14.48,United States,Virginia,Charlottesville,22902,50
174.129.217.173,United States,Virginia,Ashburn,20149,58
38.124.126.42,United States,Indiana,Bloomington,47404,1
3.136.161.97,United States,Ohio,Dublin,43017,36
173.75.30.116,United States,Pennsylvania,Pittsburgh,15235,5
3.12.148.145,United States,Ohio,Dublin,43017,1
52.205.29.182,United States,Virginia,Ashburn,20149,25
47.88.86.56,United States,California,Minkler,,3
52.90.231.255,United States,Virginia,Ashburn,20149,14
34.205.97.11,United States,Virginia,Ashburn,20149,8
64.225.19.231,United States,New Jersey,Clifton,07014,1
35.209.20.143,United States,Iowa,Council Bluffs,,1
184.101.18.106,United States,Arizona,Phoenix,85020,1
34.72.171.232,United States,Iowa,Council Bluffs,,1
167.71.167.243,United States,New Jersey,Clifton,07014,2
18.217.122.216,United States,Ohio,Dublin,43017,2
3.141.166.95,United States,Ohio,Dublin,43017,4
172.86.181.58,United States,Missouri,Kansas City,64106,1
154.53.35.8,United States,New York,New York,10004,1
38.87.54.162,United States,District of Columbia,Washington,56972,7
96.255.135.253,United States,Virginia,Aldie,20105,24
3.143.0.89,United States,Ohio,Dublin,43017,7
50.172.26.12,United States,Florida,Lakeland,33810,3
73.200.139.162,United States,Virginia,Haymarket,20169,2
3.238.8.21,United States,Virginia,Ashburn,20149,1
54.85.87.200,United States,Virginia,Ashburn,20149,15
3.234.251.85,United States,Virginia,Ashburn,20149,7
34.139.246.61,United States,South Carolina,North Charleston,,4
137.184.145.154,United States,New Jersey,North Bergen,07047,19
64.98.48.179,United States,Colorado,Centennial,80112,7
66.218.49.182,United States,California,Tehachapi,93561,1
67.207.85.223,United States,New Jersey,North Bergen,07047,1
100.40.119.112,United States,Rhode Island,Riverside,02915,1
18.27.79.17,United States,Massachusetts,Cambridge,02139,6
52.54.198.224,United States,Virginia,Ashburn,20149,11
34.232.242.173,United States,Virginia,Ashburn,20149,84
209.240.107.22,United States,New York,Latham,12110,2
50.19.177.190,United States,Virginia,Ashburn,20149,25
15.204.182.52,United States,Virginia,Reston,20190,18
162.202.32.106,United States,Georgia,Buford,30518,6
52.90.254.146,United States,Virginia,Ashburn,20149,14
54.164.132.119,United States,Virginia,Ashburn,20149,37
35.238.120.235,United States,Iowa,Council Bluffs,,2
45.20.115.208,United States,Texas,New Braunfels,78130,1
142.93.245.141,United States,New Jersey,North Bergen,07047,77
213.174.156.72,United States,Virginia,Ashburn,20147,2
165.227.118.77,United States,New Jersey,Clifton,07014,4
24.183.75.154,United States,Wisconsin,Hayward,54843,1
51.81.244.140,United States,Oregon,Hillsboro,97129,3
159.223.149.142,United States,New Jersey,North Bergen,07047,63
47.184.36.226,United States,Texas,Carrollton,75007,2
54.236.6.32,United States,Virginia,Ashburn,20149,11
52.27.151.162,United States,Oregon,Portland,97207,3
34.136.86.55,United States,Iowa,Council Bluffs,,3
50.220.121.211,United States,Oregon,Eugene,97401,3
44.197.111.111,United States,Virginia,Ashburn,20149,308
172.174.154.140,United States,Virginia,Boydton,23917,21
174.138.58.171,United States,New Jersey,Clifton,07014,5
128.2.12.38,United States,Pennsylvania,Pittsburgh,15213,2
96.126.123.143,United States,Texas,Richardson,75081,2
67.207.92.95,United States,New Jersey,North Bergen,07047,145
213.174.156.86,United States,Virginia,Ashburn,20147,3
147.182.141.150,United States,New Jersey,North Bergen,07047,1
192.223.31.80,United States,New York,New York,10004,5
104.62.244.170,United States,Florida,Pensacola,32526,4
51.81.33.196,United States,Virginia,Reston,20190,20
99.28.196.112,United States,Georgia,Jonesboro,30236,3
108.48.157.96,United States,Virginia,Falls Church,22042,1
147.135.10.228,United States,Virginia,Reston,20190,77
71.162.171.252,United States,Pennsylvania,Doylestown,18901,1
52.91.16.69,United States,Virginia,Ashburn,20149,8
143.198.118.99,United States,New Jersey,North Bergen,07047,77
3.88.179.104,United States,Virginia,Ashburn,20149,8
71.129.97.178,United States,Arkansas,Conway,72034,7
51.81.244.143,United States,Oregon,Hillsboro,97129,1
64.250.72.172,United States,Kentucky,Russell Springs,42642,5
35.211.39.42,United States,South Carolina,North Charleston,,2
3.87.189.96,United States,Virginia,Ashburn,20149,3
136.57.149.54,United States,North Carolina,Charlotte,28269,1
34.135.9.79,United States,Iowa,Council Bluffs,,3
35.170.33.189,United States,Virginia,Ashburn,20149,16
15.204.162.180,United States,Virginia,Reston,20190,174
147.182.189.129,United States,New Jersey,North Bergen,07047,10
213.174.156.82,United States,Virginia,Ashburn,20147,41
213.174.156.81,United States,Virginia,Ashburn,20147,30
167.99.157.72,United States,New Jersey,North Bergen,07047,112
54.227.94.254,United States,Virginia,Ashburn,20149,68
159.65.239.30,United States,New Jersey,North Bergen,07047,4
35.185.11.70,United States,South Carolina,North Charleston,,1
5.161.125.122,United States,Virginia,Ashburn,20149,14
71.190.188.9,United States,New York,Brooklyn,11211,2
54.152.85.222,United States,Virginia,Ashburn,20149,634
18.118.107.172,United States,Ohio,Dublin,43017,3
104.37.190.174,United States,New Jersey,Secaucus,07094,30
67.173.161.124,United States,Illinois,Lockport,60441,1
96.224.237.149,United States,New York,Smithtown,11787,1
3.83.254.14,United States,Virginia,Ashburn,20149,8
45.55.47.232,United States,New Jersey,Clifton,07014,2
18.213.115.172,United States,Virginia,Ashburn,20149,170
3.22.98.135,United States,Ohio,Dublin,43017,36
3.236.185.76,United States,Virginia,Ashburn,20149,122
99.137.86.101,United States,Florida,Hollywood,33027,4
54.166.138.97,United States,Virginia,Ashburn,20149,2
147.182.181.52,United States,New Jersey,North Bergen,07047,144
15.204.199.249,United States,Virginia,Reston,20190,31
44.197.142.207,United States,Virginia,Ashburn,20149,1
74.105.147.14,United States,New Jersey,Westwood,07675,1
18.207.204.163,United States,Virginia,Ashburn,20149,59
213.174.156.73,United States,Virginia,Ashburn,20147,2
209.59.150.4,United States,Michigan,Lansing,48917,5
54.197.23.0,United States,Virginia,Ashburn,20149,55
54.89.145.144,United States,Virginia,Ashburn,20149,42
23.20.1.128,United States,Virginia,Ashburn,20149,17
198.58.118.99,United States,Texas,Richardson,75081,1
204.12.202.18,United States,Missouri,Kansas City,64116,1
44.208.57.222,United States,Virginia,Ashburn,20149,55
3.81.211.195,United States,Virginia,Ashburn,20149,1
50.220.121.222,United States,Oregon,Eugene,97401,1
136.49.186.208,United States,Texas,Austin,78745,1
52.91.114.242,United States,Virginia,Ashburn,20149,13
67.227.137.10,United States,Michigan,Lansing,48917,3
18.205.192.74,United States,Virginia,Ashburn,20149,8
150.136.83.181,United States,Virginia,Ashburn,20147,65
24.44.129.33,United States,New York,East Setauket,11733,2
3.90.162.87,United States,Virginia,Ashburn,20149,4
204.16.244.117,United States,Pennsylvania,Pittsburgh,15212,10
34.229.155.152,United States,Virginia,Ashburn,20149,406
18.232.119.81,United States,Virginia,Ashburn,20149,28
96.82.119.149,United States,California,Hayward,94541,3
38.22.136.10,United States,Indiana,Ellettsville,47429,17
3.135.186.102,United States,Ohio,Dublin,43017,1
34.201.93.198,United States,Virginia,Ashburn,20149,406
184.58.228.18,United States,Wisconsin,Milwaukee,53215,1
162.248.95.197,United States,New York,New York,10001,4
96.241.2.241,United States,Virginia,Herndon,20170,2
3.208.9.236,United States,Virginia,Ashburn,20149,14
141.156.18.65,United States,Virginia,Centreville,20120,1
44.204.132.152,United States,Virginia,Ashburn,20149,7
66.65.169.19,United States,New York,New York,10007,1
75.98.46.162,United States,New Jersey,Secaucus,07094,2
34.136.93.37,United States,Iowa,Council Bluffs,,2
34.73.242.102,United States,South Carolina,North Charleston,,3
98.202.250.68,United States,Utah,Midway,84049,1
107.11.96.20,United States,Ohio,Lebanon,45036,1
108.86.213.24,United States,Texas,McKinney,75072,1
99.88.47.34,United States,California,Alameda,94501,1
174.141.209.40,United States,Illinois,Chicago,60666,1
3.143.194.71,United States,Ohio,Dublin,43017,3
104.248.121.202,United States,New Jersey,North Bergen,07047,9
23.175.0.212,United States,Oregon,Canby,97013,2
192.31.136.90,United States,Maryland,Rockville,20852,1
69.209.100.99,United States,California,San Jose,95134,1
68.185.135.246,United States,Tennessee,Cleveland,37323,1
108.52.141.209,United States,Pennsylvania,Doylestown,18901,2
165.227.205.25,United States,New Jersey,North Bergen,07047,55
24.56.46.227,United States,Arizona,Phoenix,85041,1
67.222.153.38,United States,Texas,Dallas,75247,5
52.20.121.15,United States,Virginia,Ashburn,20149,93
34.67.22.216,United States,Iowa,Council Bluffs,,4
3.80.143.236,United States,Virginia,Ashburn,20149,177
71.247.231.197,United States,New York,Brooklyn,11222,1
13.58.70.158,United States,Ohio,Dublin,43017,2
69.61.103.44,United States,Georgia,Atlanta,30303,1
208.101.171.225,United States,Pennsylvania,Manheim,17545,1
74.118.137.119,United States,Pennsylvania,Pittsburgh,15212,2
192.252.212.27,United States,Washington,Seattle,98168,1
18.27.124.231,United States,Massachusetts,Cambridge,02139,3
51.81.244.142,United States,Oregon,Hillsboro,97129,1
54.234.246.200,United States,Virginia,Ashburn,20149,13
100.16.210.223,United States,Maryland,Aberdeen,21001,20
18.222.146.215,United States,Ohio,Dublin,43017,69
3.21.234.35,United States,Ohio,Dublin,43017,6
99.32.27.69,United States,Illinois,Mundelein,60060,22
198.98.55.86,United States,New York,New York,10004,1
66.19.233.38,United States,Kentucky,Glasgow,42141,1
18.208.171.42,United States,Virginia,Ashburn,20149,59
137.184.16.134,United States,New Jersey,North Bergen,07047,3
172.93.166.135,United States,Georgia,Atlanta,30303,2
96.241.75.208,United States,Virginia,Ashburn,20148,12
3.208.9.92,United States,Virginia,Ashburn,20149,9
147.135.70.192,United States,Virginia,Reston,20190,52
108.61.155.250,United States,New Jersey,Piscataway,08854,51
44.210.79.208,United States,Virginia,Ashburn,20149,3
104.128.64.58,United States,New York,New York,7094,2
107.136.189.112,United States,California,Seaside,93955,1
45.33.81.152,United States,New Jersey,Cedar Knolls,07927,9
104.62.145.108,United States,Texas,Dallas,75225,1
44.202.16.95,United States,Virginia,Ashburn,20149,7
54.160.242.250,United States,Virginia,Ashburn,20149,32
71.34.20.50,United States,Minnesota,Minneapolis,55414,36
47.161.21.240,United States,Texas,Southlake,76092,1
64.99.192.186,United States,North Carolina,Fuquay-Varina,27526,1
73.139.16.132,United States,Florida,Boca Raton,33431,1
3.20.224.15,United States,Ohio,Dublin,43017,1
54.152.22.33,United States,Virginia,Ashburn,20149,9
23.124.160.59,United States,Texas,Kyle,78640,3
96.245.83.39,United States,Pennsylvania,Philadelphia,19148,1
